F89339408#Ut Semper Consulting#Dodge, Volvo
V13535838#Vestibulum Ante Ipsum Limited#Daimler
R17311676#Magna Sed Ltd#BMW, Citroën
Y09920700#Aliquam Rutrum Lorem PC#
M26282020#Aliquam Auctor Velit Inc.#General Motors, Mahindra and Mahindra
P70397187#Nec Ante Blandit Institute#Isuzu, Acura, Infiniti
R82375926#Non Ltd#MINI, Dodge
J74901183#Tristique Aliquet Phasellus Industries#Chevrolet, Seat, Lincoln
E18289854#Elit Erat Vitae PC#Infiniti, Maruti Suzuki, Jeep
L41811869#Nunc Commodo Auctor Incorporated#Subaru, Lincoln
Q70542755#Ipsum Inc.#
A86781011#Interdum Ligula Eu Institute#
L62193142#Mattis Velit Justo Company#BMW
B07942973#Aliquam Gravida Ltd#
U82737936#In Tempus PC#Buick, Acura, General Motors
T16863582#Aenean Eget PC#
M72349718#Metus In Nec Institute#Smart, Dodge
V44075068#Purus Maecenas Foundation#Dongfeng Motor, Mercedes-Benz
I44715358#Vivamus Limited#
C35588633#Dignissim Tempor Industries#General Motors, Audi, Honda
L38968359#Malesuada LLP#Lincoln, Smart
H93484439#Natoque Penatibus Et Company#Dongfeng Motor
O52400829#Placerat Eget Corporation#
E17559817#Tincidunt Corporation#Porsche, Infiniti, Jeep
J70461114#Nulla At Sem Inc.#Mitsubishi Motors, Nissan, Ford
A98236477#Sit Amet Lorem Associates#Porsche, MINI, Audi
B42754725#Tincidunt LLC#Smart, Maruti Suzuki
O93716553#Proin LLC#Mercedes-Benz, Smart
U14603433#Laoreet Ipsum LLC#
Y21412246#Et Eros Inc.#Mitsubishi Motors, Honda
A06676524#Sed Eu LLC#JLR, Renault
L48275007#Hendrerit Company#Vauxhall
C24257748#Ipsum Leo Consulting#
H60200540#Curabitur Ltd#
U80291682#Et Risus Quisque Consulting#
R99064468#Nec Corporation#
Y27595996#Arcu Institute#Ford, RAM Trucks, Tata Motors
T85465557#Magnis Dis Parturient Incorporated#
H30570648#Neque Sed Sem Institute#Seat
S00043269#Sed Ltd#Cadillac, Lincoln, Vauxhall
H45550097#Massa Ltd#
B16563158#Ac Orci Corp.#Ford
L19600553#A Neque Corporation#
T06780676#Proin Velit Consulting#Suzuki
R44973690#Est Arcu PC#Skoda, Toyota
B94560745#Ultrices A Auctor LLP#Smart, Mahindra and Mahindra, Kia Motors
Z27692767#Quis Diam Foundation#
L81482490#Quam Vel Inc.#
F45296629#Cursus Limited#
Q69762010#Consectetuer Cursus Associates#Mitsubishi Motors
X03301186#Aliquam Vulputate Foundation#Dongfeng Motor, Honda, Citroën
X41855452#Nec Tempus Mauris Foundation#
E46634590#Eu Dolor Egestas Limited#Vauxhall
A70047854#Natoque Company#Volvo, Dacia, Maruti Suzuki
O75789015#In Tincidunt Institute#FAW, Honda, Toyota
Q09192067#Ultricies Dignissim Company#Volvo
Y53040370#Scelerisque Company#Acura, Smart, Toyota
J11025890#Ac Corporation#Lexus, Chrysler, Mazda
C64388813#Sed Ltd#Cadillac, Seat, Dodge
A18510564#Et Foundation#Daimler
S68899832#Ante Dictum Institute#
D37515272#Non Cursus Non Corporation#Volvo, Ferrari, RAM Trucks
K10717747#Egestas Institute#
C79095344#Pede Malesuada LLC#Dacia
H63421895#Mi Lacinia Mattis Company#Dongfeng Motor, Dacia
M37094229#In Ltd#
J20180127#Nunc Corporation#BMW
Y07487911#Maecenas Malesuada Corp.#Chevrolet
N92295869#Congue PC#Dongfeng Motor, Acura
O72516195#Nisi Cum Consulting#Toyota, Infiniti, Daihatsu
I12905885#Nibh Dolor Nonummy Foundation#FAW, JLR, Tata Motors
W13110814#Nisi Aenean Ltd#Honda, Acura, Maruti Suzuki
L46038456#Ante Dictum Corporation#Maruti Suzuki, Chevrolet, Lincoln
B97833411#Eu Foundation#
B62595461#Consequat Dolor Vitae Limited#Renault, Chevrolet
E92753527#Lectus Industries#MINI, Ford
U18347436#Cum Sociis Incorporated#
X25395613#Nunc Foundation#Ford, Dongfeng Motor, Ferrari
X99742598#Eu Inc.#Dodge, Buick, Isuzu
Y29541075#Cursus A Enim Company#Daimler
S20921270#Suspendisse Non Industries#Acura, Honda, Dongfeng Motor
J67233521#Adipiscing Fringilla Porttitor Foundation#BMW, Honda, Peugeot
L73944604#Mi Aliquam Incorporated#Maruti Suzuki, Cadillac
E06252385#Curae; Donec Limited#Citroën
J73728763#Euismod Corporation#Infiniti, Nissan
N59368859#A Malesuada Id LLC#
I93616871#Et Rutrum Institute#
R49032987#Felis Eget Varius LLP#
O90072602#Cursus Vestibulum Mauris LLC#Subaru, Ford
X73606846#A LLP#Porsche
T26948372#Justo Proin Foundation#Audi, Mazda
Y68358585#Nec Mauris Blandit Limited#
J54529981#Et Commodo Associates#Isuzu
A06606027#Phasellus Vitae Institute#
G76365657#Dignissim Maecenas Inc.#Audi, Dodge
H79929125#Ac Ltd#Honda
Z17833157#Non Justo Proin LLC#Volkswagen, Dacia, Maruti Suzuki
F65750384#Proin Associates#Infiniti, Toyota, Mahindra and Mahindra
E38436996#Duis Ltd#Daihatsu, Citroën
L33665530#Aliquam Iaculis Corporation#